Voltage,Board,CORE,1020,1080,1140,1200,1260,1320,1380,1440,1500,1560,1608,1680,1728,1800,1848,1920,1968,2040,2088,2160,2208,2280,2328,2400,2448,2520,2568
650,1,0,1,1,1,1,1,1,X,X,X,X,X,X,X,X,X,X,X,X,X,X,X,X,X,X,X,X,X
720,1,0,1,1,1,1,1,1,1,1,1,1,1,1,X,X,X,X,X,X,X,X,X,X,X,X,X,X,X
800,1,0,1,1,1,1,1,1,1,1,1,1,1,1,1,1,1,1,1,X,X,X,X,X,X,X,X,X,X
850,1,0,1,1,1,1,1,1,1,1,1,1,1,1,1,1,1,1,1,1,1,X,X,X,X,X,X,X,X
900,1,0,1,1,1,1,1,1,1,1,1,1,1,1,1,1,1,1,1,1,1,1,X,X,X,X,X,X,X
950,1,0,1,1,1,1,1,1,1,1,1,1,1,1,1,1,1,1,1,1,1,1,1,1,X,X,X,X,X
1000,1,0,1,1,1,1,1,1,1,1,1,1,1,1,1,1,1,1,1,1,1,1,1,1,1,X,X,X,X
1050,1,0,1,1,1,1,1,1,1,1,1,1,1,1,1,1,1,1,1,1,1,1,1,1,1,1,X,X,X
650,1,1,1,1,1,1,1,1,X,X,X,X,X,X,X,X,X,X,X,X,X,X,X,X,X,X,X,X,X
720,1,1,1,1,1,1,1,1,1,1,1,1,1,1,1, X,X,X,X,X,X,X,X,X,X,X,X,X,X
800,1,1,1,1,1,1,1,1,1,1,1,1,1,1,1,1,1,1,1,X,X,X,X,X,X,X,X,X,X
850,1,1,1,1,1,1,1,1,1,1,1,1,1,1,1,1,1,1,1,1,1,X,X,X,X,X,X,X,X
900,1,1,1,1,1,1,1,1,1,1,1,1,1,1,1,1,1,1,1,1,1,1,1,X,X,X,X,X,X
950,1,1,1,1,1,1,1,1,1,1,1,1,1,1,1,1,1,1,1,1,1,1,1,1,1,X,X,X,X
1000,1,1,1,1,1,1,1,1,1,1,1,1,1,1,1,1,1,1,1,1,1,1,1,1,1,1,X,X,X
1050,1,1,1,1,1,1,1,1,1,1,1,1,1,1,1,1,1,1,1,1,1,1,1,1,1,1,1,X,X
650,1,2,1,1,1,1,1,1,X,X,X,X,X,X,X,X,X,X,X,X,X,X,X,X,X,X,X,X,X
720,1,2,1,1,1,1,1,1,1,1,1,1,1,1,1,X,X,X,X,X,X,X,X,X,X,X,X,X,X
800,1,2,1,1,1,1,1,1,1,1,1,1,1,1,1,1,1,1,1,1,X,X,X,X,X,X,X,X,X
850,1,2,1,1,1,1,1,1,1,1,1,1,1,1,1,1,1,1,1,1,1,X,X,X,X,X,X,X,X
900,1,2,1,1,1,1,1,1,1,1,1,1,1,1,1,1,1,1,1,1,1,1,1,X,X,X,X,X,X
950,1,2,1,1,1,1,1,1,1,1,1,1,1,1,1,1,1,1,1,1,1,1,1,1,1,X,X,X,X
1000,1,2,1,1,1,1,1,1,1,1,1,1,1,1,1,1,1,1,1,1,1,1,1,1,1,X,X,X,X
1050,1,2,1,1,1,1,1,1,1,1,1,1,1,1,1,1,1,1,1,1,1,1,1,1,1,1,X,X,X
650,1,3,1,1,1,1,1,1,X,X,X,X,X,X,X,X,X,X,X,X,X,X,X,X,X,X,X,X,X
720,1,3,1,1,1,1,1,1,1,1,1,1,1,1,1,1,X,X,X,X,X,X,X,X,X,X,X,X,X
800,1,3,1,1,1,1,1,1,1,1,1,1,1,1,1,1,1,1,1,1,X,X,X,X,X,X,X,X,X
850,1,3,1,1,1,1,1,1,1,1,1,1,1,1,1,1,1,1,1,1,1,X,X,X,X,X,X,X,X
900,1,3,1,1,1,1,1,1,1,1,1,1,1,1,1,1,1,1,1,1,1,1,1,X,X,X,X,X,X
950,1,3,1,1,1,1,1,1,1,1,1,1,1,1,1,1,1,1,1,1,1,1,1,1,1,X,X,X,X
1000,1,3,1,1,1,1,1,1,1,1,1,1,1,1,1,1,1,1,1,1,1,1,1,1,1,X,X,X,X
1050,1,3,1,1,1,1,1,1,1,1,1,1,1,1,1,1,1,1,1,1,1,1,1,1,1,1,X,X,X
650,1,4,1,1,1,1,1,1,X,X,X,X,X,X,X,X,X,X,X,X,X,X,X,X,X,X,X,X,X
720,1,4,1,1,1,1,1,1,1,1,1,1,1,1,X,X,X,X,X,X,X,X,X,X,X,X,X,X,X
800,1,4,1,1,1,1,1,1,1,1,1,1,1,1,1,1,1,1,1,X,X,X,X,X,X,X,X,X,X
850,1,4,1,1,1,1,1,1,1,1,1,1,1,1,1,1,1,1,1,1,1,X,X,X,X,X,X,X,X
900,1,4,1,1,1,1,1,1,1,1,1,1,1,1,1,1,1,1,1,1,1,1,1,X,X,X,X,X,X
950,1,4,1,1,1,1,1,1,1,1,1,1,1,1,1,1,1,1,1,1,1,1,1,1,1,X,X,X,X
1000,1,4,1,1,1,1,1,1,1,1,1,1,1,1,1,1,1,1,1,1,1,1,1,1,1,1,X,X,X
1050,1,4,1,1,1,1,1,1,1,1,1,1,1,1,1,1,1,1,1,1,1,1,1,1,1,1,1,X,X
650,1,5,1,1,1,1,1,1,1,X,X,X,X,X,X,X,X,X,X,X,X,X,X,X,X,X,X,X,X
720,1,5,1,1,1,1,1,1,1,1,1,1,1,1,1,X,X,X,X,X,X,X,X,X,X,X,X,X,X
800,1,5,1,1,1,1,1,1,1,1,1,1,1,1,1,1,1,1,1,X,X,X,X,X,X,X,X,X,X
850,1,5,1,1,1,1,1,1,1,1,1,1,1,1,1,1,1,1,1,1,1,X,X,X,X,X,X,X,X
900,1,5,1,1,1,1,1,1,1,1,1,1,1,1,1,1,1,1,1,1,1,1,1,X,X,X,X,X,X
950,1,5,1,1,1,1,1,1,1,1,1,1,1,1,1,1,1,1,1,1,1,1,1,1,1,X,X,X,X
1000,1,5,1,1,1,1,1,1,1,1,1,1,1,1,1,1,1,1,1,1,1,1,1,1,1,X,X,X,X
1050,1,5,1,1,1,1,1,1,1,1,1,1,1,1,1,1,1,1,1,1,1,1,1,1,1,1,X,X,X
650,1,6,1,1,1,1,1,1,1, X,X,X,X,X,X,X,X,X,X,X,X,X,X,X,X,X,X,X,X
720,1,6,1,1,1,1,1,1,1,1,1,1,1,1,1,X,X,X,X,X,X,X,X,X,X,X,X,X,X
800,1,6,1,1,1,1,1,1,1,1,1,1,1,1,1,1,1,1,1,X,X,X,X,X,X,X,X,X,X
850,1,6,1,1,1,1,1,1,1,1,1,1,1,1,1,1,1,1,1,1,1,X,X,X,X,X,X,X,X
900,1,6,1,1,1,1,1,1,1,1,1,1,1,1,1,1,1,1,1,1,1,1,1,X,X,X,X,X,X
950,1,6,1,1,1,1,1,1,1,1,1,1,1,1,1,1,1,1,1,1,1,1,1,1,X,X,X,X,X
1000,1,6,1,1,1,1,1,1,1,1,1,1,1,1,1,1,1,1,1,1,1,1,1,1,1,X,X,X,X
1050,1,6,1,1,1,1,1,1,1,1,1,1,1,1,1,1,1,1,1,1,1,1,1,1,1,1,X,X,X
650,1,7,1,1,1,1,1,1,1,X,,,,,,,,,,,,,,,,,,,
720,1,7,1,1,1,1,1,1,1,1,1,1,1,1,1,X,,,,,,,,,,,,,
800,1,7,1,1,1,1,1,1,1,1,1,1,1,1,1,1,1,1,1,X,,,,,,,,,
850,1,7,1,1,1,1,1,1,1,1,1,1,1,1,1,1,1,1,1,1,1,X,,,,,,,
900,1,7,1,1,1,1,1,1,1,1,1,1,1,1,1,1,1,1,1,1,1,1,1,X,,,,,
950,1,7,1,1,1,1,1,1,1,1,1,1,1,1,1,1,1,1,1,1,1,1,1,1,1,X,,,
1000,1,7,1,1,1,1,1,1,1,1,1,1,1,1,1,1,1,1,1,1,1,1,1,1,1,X,,,
1050,1,7,1,1,1,1,1,1,1,1,1,1,1,1,1,1,1,1,1,1,1,1,1,1,1,1,X,,
650,2,0,1,1,1,1,X,,,,,,,,,,,,,,,,,,,,,,
720,2,0,1,1,1,1,1,1,1,1,1,1,1,X,,,,,,,,,,,,,,,
800,2,0,1,1,1,1,1,1,1,1,1,1,1,1,1,1,1,X,,,,,,,,,,,
850,2,0,1,1,1,1,1,1,1,1,1,1,1,1,1,1,1,1,1,X,,,,,,,,,
900,2,0,1,1,1,1,1,1,1,1,1,1,1,1,1,1,1,1,1,1,1,1,X,,,,,,
950,2,0,1,1,1,1,1,1,1,1,1,1,1,1,1,1,1,1,1,1,1,1,1,X,,,,,
1000,2,0,1,1,1,1,1,1,1,1,1,1,1,1,1,1,1,1,1,1,1,1,1,X,,,,,
1050,2,0,1,1,1,1,1,1,1,1,1,1,1,1,1,1,1,1,1,1,1,1,1,1,1,x,,,
650,2,1,1,1,1,1,1,X,,,,,,,,,,,,,,,,,,,,,
720,2,1,1,1,1,1,1,1,1,1,1,1,1,X,,,,,,,,,,,,,,,
800,2,1,1,1,1,1,1,1,1,1,1,1,1,1,1,1,1,X,,,,,,,,,,,
850,2,1,1,1,1,1,1,1,1,1,1,1,1,1,1,1,1,1,1,X,,,,,,,,,
900,2,1,1,1,1,1,1,1,1,1,1,1,1,1,1,1,1,1,1,1,1,X,,,,,,,
950,2,1,1,1,1,1,1,1,1,1,1,1,1,1,1,1,1,1,1,1,1,1,X,,,,,,
1000,2,1,1,1,1,1,1,1,1,1,1,1,1,1,1,1,1,1,1,1,1,1,1,x,,,,,
1050,2,1,1,1,1,1,1,1,1,1,1,1,1,1,1,1,1,1,1,1,1,1,1,1,1,X,,,
650,2,2,1,1,1,1,1,X,,,,,,,,,,,,,,,,,,,,,
720,2,2,1,1,1,1,1,1,1,1,1,1,1,X,,,,,,,,,,,,,,,
800,2,2,1,1,1,1,1,1,1,1,1,1,1,1,1,1,1,X,,,,,,,,,,,
850,2,2,1,1,1,1,1,1,1,1,1,1,1,1,1,1,1,1,1,X,,,,,,,,,
900,2,2,1,1,1,1,1,1,1,1,1,1,1,1,1,1,1,1,1,1,1,X,,,,,,,
950,2,2,1,1,1,1,1,1,1,1,1,1,1,1,1,1,1,1,1,1,1,1,X,,,,,,
1000,2,2,1,1,1,1,1,1,1,1,1,1,1,1,1,1,1,1,1,1,1,1,1,x,,,,,
1050,2,2,1,1,1,1,1,1,1,1,1,1,1,1,1,1,1,1,1,1,1,1,1,1,1,X,,,
650,2,3,1,1,1,1,1,X,,,,,,,,,,,,,,,,,,,,,
720,2,3,1,1,1,1,1,1,1,1,1,1,1,X,,,,,,,,,,,,,,,
800,2,3,1,1,1,1,1,1,1,1,1,1,1,1,1,1,1,X,,,,,,,,,,,
850,2,3,1,1,1,1,1,1,1,1,1,1,1,1,1,1,1,1,1,X,,,,,,,,,
900,2,3,1,1,1,1,1,1,1,1,1,1,1,1,1,1,1,1,1,1,1,X,,,,,,,
950,2,3,1,1,1,1,1,1,1,1,1,1,1,1,1,1,1,1,1,1,1,1,X,,,,,,
1000,2,3,1,1,1,1,1,1,1,1,1,1,1,1,1,1,1,1,1,1,1,1,1,x,,,,,
1050,2,3,1,1,1,1,1,1,1,1,1,1,1,1,1,1,1,1,1,1,1,1,1,1,1,X,,,
650,2,4,1,1,1,1,1,X,,,,,,,,,,,,,,,,,,,,,
720,2,4,1,1,1,1,1,1,1,1,1,1,1,1,X,,,,,,,,,,,,,,
800,2,4,1,1,1,1,1,1,1,1,1,1,1,1,1,1,1,X,,,,,,,,,,,
850,2,4,1,1,1,1,1,1,1,1,1,1,1,1,1,1,1,1,1,X,,,,,,,,,
900,2,4,1,1,1,1,1,1,1,1,1,1,1,1,1,1,1,1,1,1,1,X,,,,,,,
950,2,4,1,1,1,1,1,1,1,1,1,1,1,1,1,1,1,1,1,1,1,1,X,,,,,,
1000,2,4,1,1,1,1,1,1,1,1,1,1,1,1,1,1,1,1,1,1,1,1,1,1,x,,,,
1050,2,4,1,1,1,1,1,1,1,1,1,1,1,1,1,1,1,1,1,1,1,1,1,1,1,X,,,
650,2,5,1,1,1,1,1,X,,,,,,,,,,,,,,,,,,,,,
720,2,5,1,1,1,1,1,1,1,1,1,1,1,X,,,,,,,,,,,,,,,
800,2,5,1,1,1,1,1,1,1,1,1,1,1,1,1,1,1,X,,,,,,,,,,,
850,2,5,1,1,1,1,1,1,1,1,1,1,1,1,1,1,1,1,1,X,,,,,,,,,
900,2,5,1,1,1,1,1,1,1,1,1,1,1,1,1,1,1,1,1,1,1,X,,,,,,,
950,2,5,1,1,1,1,1,1,1,1,1,1,1,1,1,1,1,1,1,1,1,1,1,X,,,,,
1000,2,5,1,1,1,1,1,1,1,1,1,1,1,1,1,1,1,1,1,1,1,1,1,1,x,,,,
1050,2,5,1,1,1,1,1,1,1,1,1,1,1,1,1,1,1,1,1,1,1,1,1,1,1,X,,,
650,2,6,1,1,1,1,1,X,,,,,,,,,,,,,,,,,,,,,
720,2,6,1,1,1,1,1,1,1,1,1,1,1,X,,,,,,,,,,,,,,,
800,2,6,1,1,1,1,1,1,1,1,1,1,1,1,1,1,1,X,,,,,,,,,,,
850,2,6,1,1,1,1,1,1,1,1,1,1,1,1,1,1,1,1,1,X,,,,,,,,,
900,2,6,1,1,1,1,1,1,1,1,1,1,1,1,1,1,1,1,1,1,1,X,,,,,,,
950,2,6,1,1,1,1,1,1,1,1,1,1,1,1,1,1,1,1,1,1,1,1,1,X,,,,,
1000,2,6,1,1,1,1,1,1,1,1,1,1,1,1,1,1,1,1,1,1,1,1,1,1,x,,,,
1050,2,6,1,1,1,1,1,1,1,1,1,1,1,1,1,1,1,1,1,1,1,1,1,1,1,X,,,
650,2,7,1,1,1,1,1,X,,,,,,,,,,,,,,,,,,,,,
720,2,7,1,1,1,1,1,1,1,1,1,1,1,X,,,,,,,,,,,,,,,
800,2,7,1,1,1,1,1,1,1,1,1,1,1,1,1,1,1,X,,,,,,,,,,,
850,2,7,1,1,1,1,1,1,1,1,1,1,1,1,1,1,1,1,1,X,,,,,,,,,
900,2,7,1,1,1,1,1,1,1,1,1,1,1,1,1,1,1,1,1,1,1,X,,,,,,,
950,2,7,1,1,1,1,1,1,1,1,1,1,1,1,1,1,1,1,1,1,1,1,1,X,,,,,
1000,2,7,1,1,1,1,1,1,1,1,1,1,1,1,1,1,1,1,1,1,1,1,1,1,x,,,,
1050,2,7,1,1,1,1,1,1,1,1,1,1,1,1,1,1,1,1,1,1,1,1,1,1,1,X,,,
650,4,0,1,1,1,1,X,,,,,,,,,,,,,,,,,,,,,,
720,4,0,1,1,1,1,1,1,1,1,1,1,1,1,1,X,,,,,,,,,,,,,
800,4,0,1,1,1,1,1,1,1,1,1,1,1,1,1,1,1,1,1,X,,,,,,,,,
850,4,0,1,1,1,1,1,1,1,1,1,1,1,1,1,1,1,1,1,1,1,X,,,,,,,
900,4,0,1,1,1,1,1,1,1,1,1,1,1,1,1,1,1,1,1,1,1,1,1,X,,,,,
950,4,0,1,1,1,1,1,1,1,1,1,1,1,1,1,1,1,1,1,1,1,1,1,1,X,,,,
1000,4,0,1,1,1,1,1,1,1,1,1,1,1,1,1,1,1,1,1,1,1,1,1,1,1,X,,,
1050,4,0,1,1,1,1,1,1,1,1,1,1,1,1,1,1,1,1,1,1,1,1,1,1,1,1,X,,
650,4,1,1,1,1,1,1,1,X,,,,,,,,,,,,,,,,,,,,
720,4,1,1,1,1,1,1,1,1,1,1,1,1,1,X,,,,,,,,,,,,,,
800,4,1,1,1,1,1,1,1,1,1,1,1,1,1,1,1,1,1,1,X,,,,,,,,,
850,4,1,1,1,1,1,1,1,1,1,1,1,1,1,1,1,1,1,1,1,1,X,,,,,,,
900,4,1,1,1,1,1,1,1,1,1,1,1,1,1,1,1,1,1,1,1,1,1,1,X,,,,,
950,4,1,1,1,1,1,1,1,1,1,1,1,1,1,1,1,1,1,1,1,1,1,1,1,X,,,,
1000,4,1,1,1,1,1,1,1,1,1,1,1,1,1,1,1,1,1,1,1,1,1,1,1,1,X,,,
1050,4,1,1,1,1,1,1,1,1,1,1,1,1,1,1,1,1,1,1,1,1,1,1,1,1,X,,,
650,4,2,1,1,1,1,1,1,X,,,,,,,,,,,,,,,,,,,,
720,4,2,1,1,1,1,1,1,1,1,1,1,1,1,1,X,,,,,,,,,,,,,
800,4,2,1,1,1,1,1,1,1,1,1,1,1,1,1,1,1,1,1,X,,,,,,,,,
850,4,2,1,1,1,1,1,1,1,1,1,1,1,1,1,1,1,1,1,1,1,X,,,,,,,
900,4,2,1,1,1,1,1,1,1,1,1,1,1,1,1,1,1,1,1,1,1,1,1,X,,,,,
950,4,2,1,1,1,1,1,1,1,1,1,1,1,1,1,1,1,1,1,1,1,1,1,1,X,,,,
1000,4,2,1,1,1,1,1,1,1,1,1,1,1,1,1,1,1,1,1,1,1,1,1,1,1,X,,,
1050,4,2,1,1,1,1,1,1,1,1,1,1,1,1,1,1,1,1,1,1,1,1,1,1,1,1,X,,
650,4,3,1,1,1,1,1,1,X,,,,,,,,,,,,,,,,,,,,
720,4,3,1,1,1,1,1,1,1,1,1,1,1,1,1,X,,,,,,,,,,,,,
800,4,3,1,1,1,1,1,1,1,1,1,1,1,1,1,1,1,1,1,X,,,,,,,,,
850,4,3,1,1,1,1,1,1,1,1,1,1,1,1,1,1,1,1,1,1,1,X,,,,,,,
900,4,3,1,1,1,1,1,1,1,1,1,1,1,1,1,1,1,1,1,1,1,1,1,X,,,,,
950,4,3,1,1,1,1,1,1,1,1,1,1,1,1,1,1,1,1,1,1,1,1,1,1,X,,,,
1000,4,3,1,1,1,1,1,1,1,1,1,1,1,1,1,1,1,1,1,1,1,1,1,1,1,X,,,
1050,4,3,1,1,1,1,1,1,1,1,1,1,1,1,1,1,1,1,1,1,1,1,1,1,1,1,X,,
650,4,4,1,1,1,1,1,1,1,X,,,,,,,,,,,,,,,,,,,
720,4,4,1,1,1,1,1,1,1,1,1,1,1,1,1,X,,,,,,,,,,,,,
800,4,4,1,1,1,1,1,1,1,1,1,1,1,1,1,1,1,1,1,X,,,,,,,,,
850,4,4,1,1,1,1,1,1,1,1,1,1,1,1,1,1,1,1,1,1,1,X,,,,,,,
900,4,4,1,1,1,1,1,1,1,1,1,1,1,1,1,1,1,1,1,1,1,1,1,X,,,,,
950,4,4,1,1,1,1,1,1,1,1,1,1,1,1,1,1,1,1,1,1,1,1,1,1,X,,,,
1000,4,4,1,1,1,1,1,1,1,1,1,1,1,1,1,1,1,1,1,1,1,1,1,1,1,X,,,
1050,4,4,1,1,1,1,1,1,1,1,1,1,1,1,1,1,1,1,1,1,1,1,1,1,1,1,X,,
650,4,5,1,1,1,1,1,1,X,,,,,,,,,,,,,,,,,,,,
720,4,5,1,1,1,1,1,1,1,1,1,1,1,1,1,X,,,,,,,,,,,,,
800,4,5,1,1,1,1,1,1,1,1,1,1,1,1,1,1,1,1,1,X,,,,,,,,,
850,4,5,1,1,1,1,1,1,1,1,1,1,1,1,1,1,1,1,1,1,1,X,,,,,,,
900,4,5,1,1,1,1,1,1,1,1,1,1,1,1,1,1,1,1,1,1,1,1,1,X,,,,,
950,4,5,1,1,1,1,1,1,1,1,1,1,1,1,1,1,1,1,1,1,1,1,1,1,X,,,,
1000,4,5,1,1,1,1,1,1,1,1,1,1,1,1,1,1,1,1,1,1,1,1,1,1,1,X,,,
1050,4,5,1,1,1,1,1,1,1,1,1,1,1,1,1,1,1,1,1,1,1,1,1,1,1,1,X,,
650,4,6,1,1,1,1,1,X,,,,,,,,,,,,,,,,,,,,,
720,4,6,1,1,1,1,1,1,1,1,1,1,1,1,1,X,,,,,,,,,,,,,
800,4,6,1,1,1,1,1,1,1,1,1,1,1,1,1,1,1,1,1,X,,,,,,,,,
850,4,6,1,1,1,1,1,1,1,1,1,1,1,1,1,1,1,1,1,1,1,X,,,,,,,
900,4,6,1,1,1,1,1,1,1,1,1,1,1,1,1,1,1,1,1,1,1,1,1,X,,,,,
950,4,6,1,1,1,1,1,1,1,1,1,1,1,1,1,1,1,1,1,1,1,1,1,1,X,,,,
1000,4,6,1,1,1,1,1,1,1,1,1,1,1,1,1,1,1,1,1,1,1,1,1,1,1,X,,,
1050,4,6,1,1,1,1,1,1,1,1,1,1,1,1,1,1,1,1,1,1,1,1,1,1,1,1,X,,
650,4,7,1,1,1,1,1,1,X,,,,,,,,,,,,,,,,,,,,
720,4,7,1,1,1,1,1,1,1,1,1,1,1,1,X,,,,,,,,,,,,,,
800,4,7,1,1,1,1,1,1,1,1,1,1,1,1,1,1,1,1,1,X,,,,,,,,,
850,4,7,1,1,1,1,1,1,1,1,1,1,1,1,1,1,1,1,1,1,1,X,,,,,,,
900,4,7,1,1,1,1,1,1,1,1,1,1,1,1,1,1,1,1,1,1,1,1,1,X,,,,,
950,4,7,1,1,1,1,1,1,1,1,1,1,1,1,1,1,1,1,1,1,1,1,1,1,X,,,,
1000,4,7,1,1,1,1,1,1,1,1,1,1,1,1,1,1,1,1,1,1,1,1,1,1,1,X,,,
1050,4,7,1,1,1,1,1,1,1,1,1,1,1,1,1,1,1,1,1,1,1,1,1,1,1,1,X,,
650,5,0,1,1,1,1,1,1,X,,,,,,,,,,,,,,,,,,,,
720,5,0,1,1,1,1,1,1,1,1,1,1,1,1,X,,,,,,,,,,,,,,
800,5,0,1,1,1,1,1,1,1,1,1,1,1,1,1,1,1,1,X,,,,,,,,,,
850,5,0,1,1,1,1,1,1,1,1,1,1,1,1,1,1,1,1,1,1,1,X,,,,,,,
900,5,0,1,1,1,1,1,1,1,1,1,1,1,1,1,1,1,1,1,1,1,1,X,,,,,,
950,5,0,1,1,1,1,1,1,1,1,1,1,1,1,1,1,1,1,1,1,1,1,1,1,X,,,,
1000,5,0,1,1,1,1,1,1,1,1,1,1,1,1,1,1,1,1,1,1,1,1,1,1,1,X,,,
1050,5,0,1,1,1,1,1,1,1,1,1,1,1,1,1,1,1,1,1,1,1,1,1,1,1,1,X,,
650,5,1,1,1,1,1,1,1,1,X,,,,,,,,,,,,,,,,,,,
720,5,1,1,1,1,1,1,1,1,1,1,1,1,1,X,,,,,,,,,,,,,,
800,5,1,1,1,1,1,1,1,1,1,1,1,1,1,1,1,1,1,1,X,,,,,,,,,
850,5,1,1,1,1,1,1,1,1,1,1,1,1,1,1,1,1,1,1,1,1,X,,,,,,,
900,5,1,1,1,1,1,1,1,1,1,1,1,1,1,1,1,1,1,1,1,1,1,1,X,,,,,
950,5,1,1,1,1,1,1,1,1,1,1,1,1,1,1,1,1,1,1,1,1,1,1,1,X,,,,
1000,5,1,1,1,1,1,1,1,1,1,1,1,1,1,1,1,1,1,1,1,1,1,1,1,1,X,,,
1050,5,1,1,1,1,1,1,1,1,1,1,1,1,1,1,1,1,1,1,1,1,1,1,1,1,1,1,,
650,5,2,1,1,1,1,1,1,1,X,,,,,,,,,,,,,,,,,,,
720,5,2,1,1,1,1,1,1,1,1,1,1,1,1,1,X,,,,,,,,,,,,,
800,5,2,1,1,1,1,1,1,1,1,1,1,1,1,1,1,1,1,1,X,,,,,,,,,
850,5,2,1,1,1,1,1,1,1,1,1,1,1,1,1,1,1,1,1,1,1,X,,,,,,,
900,5,2,1,1,1,1,1,1,1,1,1,1,1,1,1,1,1,1,1,1,1,1,1,X,,,,,
950,5,2,1,1,1,1,1,1,1,1,1,1,1,1,1,1,1,1,1,1,1,1,1,1,X,,,,
1000,5,2,1,1,1,1,1,1,1,1,1,1,1,1,1,1,1,1,1,1,1,1,1,1,1,X,,,
1050,5,2,1,1,1,1,1,1,1,1,1,1,1,1,1,1,1,1,1,1,1,1,1,1,1,1,X,,
650,5,3,1,1,1,1,1,1,1,X,,,,,,,,,,,,,,,,,,,
720,5,3,1,1,1,1,1,1,1,1,1,1,1,1,1,X,,,,,,,,,,,,,
800,5,3,1,1,1,1,1,1,1,1,1,1,1,1,1,1,1,1,1,X,,,,,,,,,
850,5,3,1,1,1,1,1,1,1,1,1,1,1,1,1,1,1,1,1,1,1,X,,,,,,,
900,5,3,1,1,1,1,1,1,1,1,1,1,1,1,1,1,1,1,1,1,1,1,1,X,,,,,
950,5,3,1,1,1,1,1,1,1,1,1,1,1,1,1,1,1,1,1,1,1,1,1,1,X,,,,
1000,5,3,1,1,1,1,1,1,1,1,1,1,1,1,1,1,1,1,1,1,1,1,1,1,1,X,,,
1050,5,3,1,1,1,1,1,1,1,1,1,1,1,1,1,1,1,1,1,1,1,1,1,1,1,1,X,,
650,5,4,1,1,1,1,1,1,1,X,,,,,,,,,,,,,,,,,,,
720,5,4,1,1,1,1,1,1,1,1,1,1,1,1,1,X,,,,,,,,,,,,,
800,5,4,1,1,1,1,1,1,1,1,1,1,1,1,1,1,1,1,1,X,,,,,,,,,
850,5,4,1,1,1,1,1,1,1,1,1,1,1,1,1,1,1,1,1,1,1,X,,,,,,,
900,5,4,1,1,1,1,1,1,1,1,1,1,1,1,1,1,1,1,1,1,1,1,1,X,,,,,
950,5,4,1,1,1,1,1,1,1,1,1,1,1,1,1,1,1,1,1,1,1,1,1,1,X,,,,
1000,5,4,1,1,1,1,1,1,1,1,1,1,1,1,1,1,1,1,1,1,1,1,1,1,1,X,,,
1050,5,4,1,1,1,1,1,1,1,1,1,1,1,1,1,1,1,1,1,1,1,1,1,1,1,1,X,,
650,5,5,1,1,1,1,1,1,1,X,,,,,,,,,,,,,,,,,,,
720,5,5,1,1,1,1,1,1,1,1,1,1,1,1,1,X,,,,,,,,,,,,,
800,5,5,1,1,1,1,1,1,1,1,1,1,1,1,1,1,1,1,1,X,,,,,,,,,
850,5,5,1,1,1,1,1,1,1,1,1,1,1,1,1,1,1,1,1,1,1,X,,,,,,,
900,5,5,1,1,1,1,1,1,1,1,1,1,1,1,1,1,1,1,1,1,1,1,1,X,,,,,
950,5,5,1,1,1,1,1,1,1,1,1,1,1,1,1,1,1,1,1,1,1,1,1,1,X,,,,
1000,5,5,1,1,1,1,1,1,1,1,1,1,1,1,1,1,1,1,1,1,1,1,1,1,1,X,,,
1050,5,5,1,1,1,1,1,1,1,1,1,1,1,1,1,1,1,1,1,1,1,1,1,1,1,1,X,,
650,5,6,1,1,1,1,1,1,X,,,,,,,,,,,,,,,,,,,,
720,5,6,1,1,1,1,1,1,1,1,1,1,1,1,1,X,,,,,,,,,,,,,
800,5,6,1,1,1,1,1,1,1,1,1,1,1,1,1,1,1,1,1,X,,,,,,,,,
850,5,6,1,1,1,1,1,1,1,1,1,1,1,1,1,1,1,1,1,1,1,X,,,,,,,
900,5,6,1,1,1,1,1,1,1,1,1,1,1,1,1,1,1,1,1,1,1,1,1,X,,,,,
950,5,6,1,1,1,1,1,1,1,1,1,1,1,1,1,1,1,1,1,1,1,1,1,1,X,,,,
1000,5,6,1,1,1,1,1,1,1,1,1,1,1,1,1,1,1,1,1,1,1,1,1,1,1,X,,,
1050,5,6,1,1,1,1,1,1,1,1,1,1,1,1,1,1,1,1,1,1,1,1,1,1,1,1,X,,
650,5,7,1,1,1,1,1,1,1,X,,,,,,,,,,,,,,,,,,,
720,5,7,1,1,1,1,1,1,1,1,1,1,1,1,1,X,,,,,,,,,,,,,
800,5,7,1,1,1,1,1,1,1,1,1,1,1,1,1,1,1,1,1,1,X,,,,,,,,
850,5,7,1,1,1,1,1,1,1,1,1,1,1,1,1,1,1,1,1,1,1,X,,,,,,,
900,5,7,1,1,1,1,1,1,1,1,1,1,1,1,1,1,1,1,1,1,1,1,1,X,,,,,
950,5,7,1,1,1,1,1,1,1,1,1,1,1,1,1,1,1,1,1,1,1,1,1,1,X,,,,
1000,5,7,1,1,1,1,1,1,1,1,1,1,1,1,1,1,1,1,1,1,1,1,1,1,1,X,,,
1050,5,7,1,1,1,1,1,1,1,1,1,1,1,1,1,1,1,1,1,1,1,1,1,1,1,1,X,,
650,7,0,1,1,1,1,1,X,,,,,,,,,,,,,,,,,,,,,
720,7,0,1,1,1,1,1,1,1,1,1,1,1,1,X,,,,,,,,,,,,,,
800,7,0,1,1,1,1,1,1,1,1,1,1,1,1,1,1,1,1,X,,,,,,,,,,
850,7,0,1,1,1,1,1,1,1,1,1,1,1,1,1,1,1,1,1,1,X,,,,,,,,
900,7,0,1,1,1,1,1,1,1,1,1,1,1,1,1,1,1,1,1,1,1,X,,,,,,,
950,7,0,1,1,1,1,1,1,1,1,1,1,1,1,1,1,1,1,1,1,1,1,1,X,,,,,
1000,7,0,1,1,1,1,1,1,1,1,1,1,1,1,1,1,1,1,1,1,1,1,1,1,X,,,,
1050,7,0,1,1,1,1,1,1,1,1,1,1,1,1,1,1,1,1,1,1,1,1,1,1,1,X,,,
650,7,1,1,1,1,1,1,1,1,X,,,,,,,,,,,,,,,,,,,
720,7,1,1,1,1,1,1,1,1,1,1,1,1,1,X,,,,,,,,,,,,,,
800,7,1,1,1,1,1,1,1,1,1,1,1,1,1,1,1,1,1,1,X,,,,,,,,,
850,7,1,1,1,1,1,1,1,1,1,1,1,1,1,1,1,1,1,1,1,1,X,,,,,,,
900,7,1,1,1,1,1,1,1,1,1,1,1,1,1,1,1,1,1,1,1,1,1,X,,,,,,
950,7,1,1,1,1,1,1,1,1,1,1,1,1,1,1,1,1,1,1,1,1,1,1,X,,,,,
1000,7,1,1,1,1,1,1,1,1,1,1,1,1,1,1,1,1,1,1,1,1,1,1,1,1,X,,,
1050,7,1,1,1,1,1,1,1,1,1,1,1,1,1,1,1,1,1,1,1,1,1,1,1,1,1,X,,
650,7,2,1,1,1,1,1,1,1,X,,,,,,,,,,,,,,,,,,,
720,7,2,1,1,1,1,1,1,1,1,1,1,1,1,1,X,,,,,,,,,,,,,
800,7,2,1,1,1,1,1,1,1,1,1,1,1,1,1,1,1,1,1,X,,,,,,,,,
850,7,2,1,1,1,1,1,1,1,1,1,1,1,1,1,1,1,1,1,1,1,X,,,,,,,
900,7,2,1,1,1,1,1,1,1,1,1,1,1,1,1,1,1,1,1,1,1,1,X,,,,,,
950,7,2,1,1,1,1,1,1,1,1,1,1,1,1,1,1,1,1,1,1,1,1,1,X,,,,,
1000,7,2,1,1,1,1,1,1,1,1,1,1,1,1,1,1,1,1,1,1,1,1,1,1,1,X,,,
1050,7,2,1,1,1,1,1,1,1,1,1,1,1,1,1,1,1,1,1,1,1,1,1,1,1,X,,,
650,7,3,1,1,1,1,1,1,X,,,,,,,,,,,,,,,,,,,,
720,7,3,1,1,1,1,1,1,1,1,1,1,1,1,X,,,,,,,,,,,,,,
800,7,3,1,1,1,1,1,1,1,1,1,1,1,1,1,1,1,1,1,X,,,,,,,,,
850,7,3,1,1,1,1,1,1,1,1,1,1,1,1,1,1,1,1,1,1,X,,,,,,,,
900,7,3,1,1,1,1,1,1,1,1,1,1,1,1,1,1,1,1,1,1,1,X,,,,,,,
950,7,3,1,1,1,1,1,1,1,1,1,1,1,1,1,1,1,1,1,1,1,1,1,X,,,,,
1000,7,3,1,1,1,1,1,1,1,1,1,1,1,1,1,1,1,1,1,1,1,1,1,1,X,,,,
1050,7,3,1,1,1,1,1,1,1,1,1,1,1,1,1,1,1,1,1,1,1,1,1,1,1,X,,,
650,7,4,1,1,1,1,1,1,X,,,,,,,,,,,,,,,,,,,,
720,7,4,1,1,1,1,1,1,1,1,1,1,1,1,1,X,,,,,,,,,,,,,
800,7,4,1,1,1,1,1,1,1,1,1,1,1,1,1,1,1,1,1,X,,,,,,,,,
850,7,4,1,1,1,1,1,1,1,1,1,1,1,1,1,1,1,1,1,1,1,X,,,,,,,
900,7,4,1,1,1,1,1,1,1,1,1,1,1,1,1,1,1,1,1,1,1,1,1,X,,,,,
950,7,4,1,1,1,1,1,1,1,1,1,1,1,1,1,1,1,1,1,1,1,1,1,1,X,,,,
1000,7,4,1,1,1,1,1,1,1,1,1,1,1,1,1,1,1,1,1,1,1,1,1,1,1,X,,,
1050,7,4,1,1,1,1,1,1,1,1,1,1,1,1,1,1,1,1,1,1,1,1,1,1,1,1,X,,
650,7,5,1,1,1,1,1,1,X,,,,,,,,,,,,,,,,,,,,
720,7,5,1,1,1,1,1,1,1,1,1,1,1,1,1,X,,,,,,,,,,,,,
800,7,5,1,1,1,1,1,1,1,1,1,1,1,1,1,1,1,1,1,X,,,,,,,,,
850,7,5,1,1,1,1,1,1,1,1,1,1,1,1,1,1,1,1,1,1,1,X,,,,,,,
900,7,5,1,1,1,1,1,1,1,1,1,1,1,1,1,1,1,1,1,1,1,1,X,,,,,,
950,7,5,1,1,1,1,1,1,1,1,1,1,1,1,1,1,1,1,1,1,1,1,1,X,,,,,
1000,7,5,1,1,1,1,1,1,1,1,1,1,1,1,1,1,1,1,1,1,1,1,1,1,X,,,,
1050,7,5,1,1,1,1,1,1,1,1,1,1,1,1,1,1,1,1,1,1,1,1,1,1,1,X,,,
650,7,6,1,1,1,1,1,1,X,,,,,,,,,,,,,,,,,,,,
720,7,6,1,1,1,1,1,1,1,1,1,1,1,1,1,X,,,,,,,,,,,,,
800,7,6,1,1,1,1,1,1,1,1,1,1,1,1,1,1,1,1,1,X,,,,,,,,,
850,7,6,1,1,1,1,1,1,1,1,1,1,1,1,1,1,1,1,1,1,1,X,,,,,,,
900,7,6,1,1,1,1,1,1,1,1,1,1,1,1,1,1,1,1,1,1,1,1,X,,,,,,
950,7,6,1,1,1,1,1,1,1,1,1,1,1,1,1,1,1,1,1,1,1,1,1,X,,,,,
1000,7,6,1,1,1,1,1,1,1,1,1,1,1,1,1,1,1,1,1,1,1,1,1,1,X,,,,
1050,7,6,1,1,1,1,1,1,1,1,1,1,1,1,1,1,1,1,1,1,1,1,1,1,1,X,,,
650,7,7,1,1,1,1,1,1,1,X,,,,,,,,,,,,,,,,,,,
720,7,7,1,1,1,1,1,1,1,1,1,1,1,1,1,X,,,,,,,,,,,,,
800,7,7,1,1,1,1,1,1,1,1,1,1,1,1,1,1,1,1,1,X,,,,,,,,,
850,7,7,1,1,1,1,1,1,1,1,1,1,1,1,1,1,1,1,1,1,1,X,,,,,,,
900,7,7,1,1,1,1,1,1,1,1,1,1,1,1,1,1,1,1,1,1,1,1,1,X,,,,,
950,7,7,1,1,1,1,1,1,1,1,1,1,1,1,1,1,1,1,1,1,1,1,1,1,X,,,,
1000,7,7,1,1,1,1,1,1,1,1,1,1,1,1,1,1,1,1,1,1,1,1,1,1,1,X,,,
1050,7,7,1,1,1,1,1,1,1,1,1,1,1,1,1,1,1,1,1,1,1,1,1,1,1,1,X,,
650,8,0,1,1,1,1,1,1,1,X,,,,,,,,,,,,,,,,,,,
720,8,0,1,1,1,1,1,1,1,1,1,1,1,1,1,X,,,,,,,,,,,,,
800,8,0,1,1,1,1,1,1,1,1,1,1,1,1,1,1,1,1,1,1,X,,,,,,,,
850,8,0,1,1,1,1,1,1,1,1,1,1,1,1,1,1,1,1,1,1,1,1,X,,,,,,
900,8,0,1,1,1,1,1,1,1,1,1,1,1,1,1,1,1,1,1,1,1,1,1,X,,,,,
950,8,0,1,1,1,1,1,1,1,1,1,1,1,1,1,1,1,1,1,1,1,1,1,1,X,,,,
1000,8,0,1,1,1,1,1,1,1,1,1,1,1,1,1,1,1,1,1,1,1,1,1,1,1,1,X,,
1050,8,0,1,1,1,1,1,1,1,1,1,1,1,1,1,1,1,1,1,1,1,1,1,1,1,1,1,,
650,8,1,1,1,1,1,1,1,1,1,1,X,,,,,,,,,,,,,,,,,
720,8,1,1,1,1,1,1,1,1,1,1,1,1,1,1,1,X,,,,,,,,,,,,
800,8,1,1,1,1,1,1,1,1,1,1,1,1,1,1,1,1,1,1,1,X,,,,,,,,
850,8,1,1,1,1,1,1,1,1,1,1,1,1,1,1,1,1,1,1,1,1,X,,,,,,,
900,8,1,1,1,1,1,1,1,1,1,1,1,1,1,1,1,1,1,1,1,1,X,,,,,,,
950,8,1,1,1,1,1,1,1,1,1,1,1,1,1,1,1,1,1,1,1,1,1,1,1,X,,,,
1000,8,1,1,1,1,1,1,1,1,1,1,1,1,1,1,1,1,1,1,1,1,1,1,1,1,X,,,
1050,8,1,1,1,1,1,1,1,1,1,1,1,1,1,1,1,1,1,1,1,1,1,1,1,1,1,1,,
650,8,2,1,1,1,1,1,1,1,1,X,X,,,,,,,,,,,,,,,,,
720,8,2,1,1,1,1,1,1,1,1,1,1,1,1,1,1,X,,,,,,,,,,,,
800,8,2,1,1,1,1,1,1,1,1,1,1,1,1,1,1,1,1,1,1,X,,,,,,,,
850,8,2,1,1,1,1,1,1,1,1,1,1,1,1,1,1,1,1,1,1,1,X,,,,,,,
900,8,2,1,1,1,1,1,1,1,1,1,1,1,1,1,1,1,1,1,1,1,X,,,,,,,
950,8,2,1,1,1,1,1,1,1,1,1,1,1,1,1,1,1,1,1,1,1,1,1,1,1,X,,,
1000,8,2,1,1,1,1,1,1,1,1,1,1,1,1,1,1,1,1,1,1,1,1,1,1,1,X,,,
1050,8,2,1,1,1,1,1,1,1,1,1,1,1,1,1,1,1,1,1,1,1,1,1,1,1,1,X,,
650,8,3,1,1,1,1,1,1,1,1,1,X,,,,,,,,,,,,,,,,,
720,8,3,1,1,1,1,1,1,1,1,1,1,1,1,1,1,X,,,,,,,,,,,,
800,8,3,1,1,1,1,1,1,1,1,1,1,1,1,1,1,1,1,1,1,X,,,,,,,,
850,8,3,1,1,1,1,1,1,1,1,1,1,1,1,1,1,1,1,1,1,1,X,,,,,,,
900,8,3,1,1,1,1,1,1,1,1,1,1,1,1,1,1,1,1,1,1,1,X,,,,,,,
950,8,3,1,1,1,1,1,1,1,1,1,1,1,1,1,1,1,1,1,1,1,1,1,1,1,X,,,
1000,8,3,1,1,1,1,1,1,1,1,1,1,1,1,1,1,1,1,1,1,1,1,1,1,1,1,X,,
1050,8,3,1,1,1,1,1,1,1,1,1,1,1,1,1,1,1,1,1,1,1,1,1,1,1,1,1,,
650,8,4,1,1,1,1,1,1,1,1,1,X,,,,,,,,,,,,,,,,,
720,8,4,1,1,1,1,1,1,1,1,1,1,1,1,1,1,X,,,,,,,,,,,,
800,8,4,1,1,1,1,1,1,1,1,1,1,1,1,1,1,1,1,1,1,1,X,,,,,,,
850,8,4,1,1,1,1,1,1,1,1,1,1,1,1,1,1,1,1,1,1,1,X,,,,,,,
900,8,4,1,1,1,1,1,1,1,1,1,1,1,1,1,1,1,1,1,1,1,1,1,X,,,,,
950,8,4,1,1,1,1,1,1,1,1,1,1,1,1,1,1,1,1,1,1,1,1,1,1,1,X,,,
1000,8,4,1,1,1,1,1,1,1,1,1,1,1,1,1,1,1,1,1,1,1,1,1,1,1,1,X,,
1050,8,4,1,1,1,1,1,1,1,1,1,1,1,1,1,1,1,1,1,1,1,1,1,1,1,1,1,,
650,8,5,1,1,1,1,1,1,1,1,1,X,,,,,,,,,,,,,,,,,
720,8,5,1,1,1,1,1,1,1,1,1,1,1,1,1,1,X,,,,,,,,,,,,
800,8,5,1,1,1,1,1,1,1,1,1,1,1,1,1,1,1,1,1,1,X,,,,,,,,
850,8,5,1,1,1,1,1,1,1,1,1,1,1,1,1,1,1,1,1,1,1,X,,,,,,,
900,8,5,1,1,1,1,1,1,1,1,1,1,1,1,1,1,1,1,1,1,1,1,1,X,,,,,
950,8,5,1,1,1,1,1,1,1,1,1,1,1,1,1,1,1,1,1,1,1,1,1,1,1,X,,,
1000,8,5,1,1,1,1,1,1,1,1,1,1,1,1,1,1,1,1,1,1,1,1,1,1,1,1,X,,
1050,8,5,1,1,1,1,1,1,1,1,1,1,1,1,1,1,1,1,1,1,1,1,1,1,1,1,1,,
650,8,6,1,1,1,1,1,1,1,1,X,X,,,,,,,,,,,,,,,,,
720,8,6,1,1,1,1,1,1,1,1,1,1,1,1,1,1,X,,,,,,,,,,,,
800,8,6,1,1,1,1,1,1,1,1,1,1,1,1,1,1,1,1,1,1,X,,,,,,,,
850,8,6,1,1,1,1,1,1,1,1,1,1,1,1,1,1,1,1,1,1,1,X,,,,,,,
900,8,6,1,1,1,1,1,1,1,1,1,1,1,1,1,1,1,1,1,1,1,1,1,X,,,,,
950,8,6,1,1,1,1,1,1,1,1,1,1,1,1,1,1,1,1,1,1,1,1,1,1,X,,,,
1000,8,6,1,1,1,1,1,1,1,1,1,1,1,1,1,1,1,1,1,1,1,1,1,1,1,X,,,
1050,8,6,1,1,1,1,1,1,1,1,1,1,1,1,1,1,1,1,1,1,1,1,1,1,1,1,X,,
650,8,7,1,1,1,1,1,1,1,1,1,X,,,,,,,,,,,,,,,,,
720,8,7,1,1,1,1,1,1,1,1,1,1,1,1,1,1,X,,,,,,,,,,,,
800,8,7,1,1,1,1,1,1,1,1,1,1,1,1,1,1,1,1,1,1,X,,,,,,,,
850,8,7,1,1,1,1,1,1,1,1,1,1,1,1,1,1,1,1,1,1,1,X,,,,,,,
900,8,7,1,1,1,1,1,1,1,1,1,1,1,1,1,1,1,1,1,1,1,1,1,X,,,,,
950,8,7,1,1,1,1,1,1,1,1,1,1,1,1,1,1,1,1,1,1,1,1,1,1,1,X,,,
1000,8,7,1,1,1,1,1,1,1,1,1,1,1,1,1,1,1,1,1,1,1,1,1,1,1,1,X,,
1050,8,7,1,1,1,1,1,1,1,1,1,1,1,1,1,1,1,1,1,1,1,1,1,1,1,1,1,,
650,9,0,1,1,1,1,1,X,,,,,,,,,,,,,,,,,,,,,
720,9,0,1,1,1,1,1,1,1,1,1,1,1,1,X,,,,,,,,,,,,,,
800,9,0,1,1,1,1,1,1,1,1,1,1,1,1,1,1,1,1,X,,,,,,,,,,
850,9,0,1,1,1,1,1,1,1,1,1,1,1,1,1,1,1,1,1,1,1,X,,,,,,,
900,9,0,1,1,1,1,1,1,1,1,1,1,1,1,1,1,1,1,1,1,1,1,X,,,,,,
950,9,0,1,1,1,1,1,1,1,1,1,1,1,1,1,1,1,1,1,1,1,1,1,X,,,,,
1000,9,0,1,1,1,1,1,1,1,1,1,1,1,1,1,1,1,1,1,1,1,1,1,1,X,,,,
1050,9,0,1,1,1,1,1,1,1,1,1,1,1,1,1,1,1,1,1,1,1,1,1,1,1,X,,,
650,9,1,1,1,1,1,1,X,,,,,,,,,,,,,,,,,,,,,
720,9,1,1,1,1,1,1,1,1,1,1,1,1,X,,,,,,,,,,,,,,,
800,9,1,1,1,1,1,1,1,1,1,1,1,1,1,1,1,1,1,X,,,,,,,,,,
850,9,1,1,1,1,1,1,1,1,1,1,1,1,1,1,1,1,1,1,1,X,,,,,,,,
900,9,1,1,1,1,1,1,1,1,1,1,1,1,1,1,1,1,1,1,1,1,1,X,,,,,,
950,9,1,1,1,1,1,1,1,1,1,1,1,1,1,1,1,1,1,1,1,1,1,1,X,,,,,
1000,9,1,1,1,1,1,1,1,1,1,1,1,1,1,1,1,1,1,1,1,1,1,1,1,X,,,,
1050,9,1,1,1,1,1,1,1,1,1,1,1,1,1,1,1,1,1,1,1,1,1,1,1,1,X,,,
650,9,2,1,1,1,1,X,,,,,,,,,,,,,,,,,,,,,,
720,9,2,1,1,1,1,1,1,1,1,1,1,1,X,,,,,,,,,,,,,,,
800,9,2,1,1,1,1,1,1,1,1,1,1,1,1,1,1,1,1,X,,,,,,,,,,
850,9,2,1,1,1,1,1,1,1,1,1,1,1,1,1,1,1,1,1,1,1,X,,,,,,,
900,9,2,1,1,1,1,1,1,1,1,1,1,1,1,1,1,1,1,1,1,1,1,X,,,,,,
950,9,2,1,1,1,1,1,1,1,1,1,1,1,1,1,1,1,1,1,1,1,1,1,1,X,,,,
1000,9,2,1,1,1,1,1,1,1,1,1,1,1,1,1,1,1,1,1,1,1,1,1,1,1,X,,,
1050,9,2,1,1,1,1,1,1,1,1,1,1,1,1,1,1,1,1,1,1,1,1,1,1,1,X,,,
650,9,3,1,1,1,1,1,X,,,,,,,,,,,,,,,,,,,,,
720,9,3,1,1,1,1,1,1,1,1,1,1,1,1,X,,,,,,,,,,,,,,
800,9,3,1,1,1,1,1,1,1,1,1,1,1,1,1,1,1,1,1,X,,,,,,,,,
850,9,3,1,1,1,1,1,1,1,1,1,1,1,1,1,1,1,1,1,1,X,,,,,,,,
900,9,3,1,1,1,1,1,1,1,1,1,1,1,1,1,1,1,1,1,1,1,1,X,,,,,,
950,9,3,1,1,1,1,1,1,1,1,1,1,1,1,1,1,1,1,1,1,1,1,1,X,,,,,
1000,9,3,1,1,1,1,1,1,1,1,1,1,1,1,1,1,1,1,1,1,1,1,1,1,X,,,,
1050,9,3,1,1,1,1,1,1,1,1,1,1,1,1,1,1,1,1,1,1,1,1,1,1,1,X,,,
650,9,4,1,1,1,1,1,X,,,,,,,,,,,,,,,,,,,,,
720,9,4,1,1,1,1,1,1,1,1,1,1,1,X,,,,,,,,,,,,,,,
800,9,4,1,1,1,1,1,1,1,1,1,1,1,1,1,1,1,1,1,X,,,,,,,,,
850,9,4,1,1,1,1,1,1,1,1,1,1,1,1,1,1,1,1,1,1,X,,,,,,,,
900,9,4,1,1,1,1,1,1,1,1,1,1,1,1,1,1,1,1,1,1,1,1,X,,,,,,
950,9,4,1,1,1,1,1,1,1,1,1,1,1,1,1,1,1,1,1,1,1,1,1,X,,,,,
1000,9,4,1,1,1,1,1,1,1,1,1,1,1,1,1,1,1,1,1,1,1,1,1,1,1,X,,,
1050,9,4,1,1,1,1,1,1,1,1,1,1,1,1,1,1,1,1,1,1,1,1,1,1,1,X,,,
650,9,5,1,1,1,1,1,X,,,,,,,,,,,,,,,,,,,,,
720,9,5,1,1,1,1,1,1,1,1,1,1,1,1,X,,,,,,,,,,,,,,
800,9,5,1,1,1,1,1,1,1,1,1,1,1,1,1,1,1,1,X,,,,,,,,,,
850,9,5,1,1,1,1,1,1,1,1,1,1,1,1,1,1,1,1,1,1,X,,,,,,,,
900,9,5,1,1,1,1,1,1,1,1,1,1,1,1,1,1,1,1,1,1,1,1,X,,,,,,
950,9,5,1,1,1,1,1,1,1,1,1,1,1,1,1,1,1,1,1,1,1,1,1,X,,,,,
1000,9,5,1,1,1,1,1,1,1,1,1,1,1,1,1,1,1,1,1,1,1,1,1,1,X,,,,
1050,9,5,1,1,1,1,1,1,1,1,1,1,1,1,1,1,1,1,1,1,1,1,1,1,1,X,,,
650,9,6,1,1,1,1,1,X,,,,,,,,,,,,,,,,,,,,,
720,9,6,1,1,1,1,1,1,1,1,1,1,X,,,,,,,,,,,,,,,,
800,9,6,1,1,1,1,1,1,1,1,1,1,1,1,1,1,1,X,,,,,,,,,,,
850,9,6,1,1,1,1,1,1,1,1,1,1,1,1,1,1,1,1,1,1,X,,,,,,,,
900,9,6,1,1,1,1,1,1,1,1,1,1,1,1,1,1,1,1,1,1,1,1,X,,,,,,
950,9,6,1,1,1,1,1,1,1,1,1,1,1,1,1,1,1,1,1,1,1,1,1,X,,,,,
1000,9,6,1,1,1,1,1,1,1,1,1,1,1,1,1,1,1,1,1,1,1,1,1,1,1,X,,,
1050,9,6,1,1,1,1,1,1,1,1,1,1,1,1,1,1,1,1,1,1,1,1,1,1,1,X,,,
650,9,7,1,1,1,1,1,X,,,,,,,,,,,,,,,,,,,,,
720,9,7,1,1,1,1,1,1,1,1,1,1,1,1,X,,,,,,,,,,,,,,
800,9,7,1,1,1,1,1,1,1,1,1,1,1,1,1,1,1,1,1,X,,,,,,,,,
850,9,7,1,1,1,1,1,1,1,1,1,1,1,1,1,1,1,1,1,1,1,X,,,,,,,
900,9,7,1,1,1,1,1,1,1,1,1,1,1,1,1,1,1,1,1,1,1,1,X,,,,,,
950,9,7,1,1,1,1,1,1,1,1,1,1,1,1,1,1,1,1,1,1,1,1,1,X,,,,,
1000,9,7,1,1,1,1,1,1,1,1,1,1,1,1,1,1,1,1,1,1,1,1,1,1,1,X,,,
1050,9,7,1,1,1,1,1,1,1,1,1,1,1,1,1,1,1,1,1,1,1,1,1,1,1,1,X,,
650,11,0,1,1,1,1,1,1,1,X,,,,,,,,,,,,,,,,,,,
720,11,0,1,1,1,1,1,1,1,1,1,1,1,1,1,X,,,,,,,,,,,,,
800,11,0,1,1,1,1,1,1,1,1,1,1,1,1,1,1,1,1,1,X,,,,,,,,,
850,11,0,1,1,1,1,1,1,1,1,1,1,1,1,1,1,1,1,1,1,1,X,,,,,,,
900,11,0,1,1,1,1,1,1,1,1,1,1,1,1,1,1,1,1,1,1,1,1,1,X,,,,,
950,11,0,1,1,1,1,1,1,1,1,1,1,1,1,1,1,1,1,1,1,1,1,1,1,X,,,,
1000,11,0,1,1,1,1,1,1,1,1,1,1,1,1,1,1,1,1,1,1,1,1,1,1,1,X,,,
1050,11,0,1,1,1,1,1,1,1,1,1,1,1,1,1,1,1,1,1,1,1,1,1,1,X,,,,
650,11,1,1,1,1,1,1,1,1,X,,,,,,,,,,,,,,,,,,,
720,11,1,1,1,1,1,1,1,1,1,1,1,1,1,1,X,,,,,,,,,,,,,
800,11,1,1,1,1,1,1,1,1,1,1,1,1,1,1,1,1,1,1,1,X,,,,,,,,
850,11,1,1,1,1,1,1,1,1,1,1,1,1,1,1,1,1,1,1,1,1,X,,,,,,,
900,11,1,1,1,1,1,1,1,1,1,1,1,1,1,1,1,1,1,1,1,1,1,1,X,,,,,
950,11,1,1,1,1,1,1,1,1,1,1,1,1,1,1,1,1,1,1,1,1,1,1,1,1,X,,,
1000,11,1,1,1,1,1,1,1,1,1,1,1,1,1,1,1,1,1,1,1,1,1,1,1,1,X,,,
1050,11,1,1,1,1,1,1,1,1,1,1,1,1,1,1,1,1,1,1,1,1,1,1,1,1,X,,,
650,11,2,1,1,1,1,1,1,1,X,,,,,,,,,,,,,,,,,,,
720,11,2,1,1,1,1,1,1,1,1,1,1,1,1,1,X,,,,,,,,,,,,,
800,11,2,1,1,1,1,1,1,1,1,1,1,1,1,1,1,1,1,1,1,X,,,,,,,,
850,11,2,1,1,1,1,1,1,1,1,1,1,1,1,1,1,1,1,1,1,1,X,,,,,,,
900,11,2,1,1,1,1,1,1,1,1,1,1,1,1,1,1,1,1,1,1,1,1,1,X,,,,,
950,11,2,1,1,1,1,1,1,1,1,1,1,1,1,1,1,1,1,1,1,1,1,1,1,X,,,,
1000,11,2,1,1,1,1,1,1,1,1,1,1,1,1,1,1,1,1,1,1,1,1,1,1,1,X,,,
1050,11,2,1,1,1,1,1,1,1,1,1,1,1,1,1,1,1,1,1,1,1,1,1,1,1,X,,,
650,11,3,1,1,1,1,1,1,1,X,,,,,,,,,,,,,,,,,,,
720,11,3,1,1,1,1,1,1,1,1,1,1,1,X,,,,,,,,,,,,,,,
800,11,3,1,1,1,1,1,1,1,1,1,1,1,1,1,1,1,1,1,X,,,,,,,,,
850,11,3,1,1,1,1,1,1,1,1,1,1,1,1,1,1,1,1,1,1,1,X,,,,,,,
900,11,3,1,1,1,1,1,1,1,1,1,1,1,1,1,1,1,1,1,1,1,1,1,X,,,,,
950,11,3,1,1,1,1,1,1,1,1,1,1,1,1,1,1,1,1,1,1,1,1,1,1,X,,,,
1000,11,3,1,1,1,1,1,1,1,1,1,1,1,1,1,1,1,1,1,1,1,1,1,1,1,X,,,
1050,11,3,1,1,1,1,1,1,1,1,1,1,1,1,1,1,1,1,1,1,1,1,1,1,X,,,,
650,11,4,1,1,1,1,1,1,X,,,,,,,,,,,,,,,,,,,,
720,11,4,1,1,1,1,1,1,1,1,1,1,1,1,X,,,,,,,,,,,,,,
800,11,4,1,1,1,1,1,1,1,1,1,1,1,1,1,1,1,1,1,1,X,,,,,,,,
850,11,4,1,1,1,1,1,1,1,1,1,1,1,1,1,1,1,1,1,1,1,X,,,,,,,
900,11,4,1,1,1,1,1,1,1,1,1,1,1,1,1,1,1,1,1,1,1,1,1,X,,,,,
950,11,4,1,1,1,1,1,1,1,1,1,1,1,1,1,1,1,1,1,1,1,1,1,1,1,X,,,
1000,11,4,1,1,1,1,1,1,1,1,1,1,1,1,1,1,1,1,1,1,1,1,1,1,1,1,X,,
1050,11,4,1,1,1,1,1,1,1,1,1,1,1,1,1,1,1,1,1,1,1,1,1,1,1,X,,,
650,11,5,1,1,1,1,1,1,1,X,,,,,,,,,,,,,,,,,,,
720,11,5,1,1,1,1,1,1,1,1,1,1,1,1,1,1,X,,,,,,,,,,,,
800,11,5,1,1,1,1,1,1,1,1,1,1,1,1,1,1,1,1,1,1,X,,,,,,,,
850,11,5,1,1,1,1,1,1,1,1,1,1,1,1,1,1,1,1,1,1,1,1,X,,,,,,
900,11,5,1,1,1,1,1,1,1,1,1,1,1,1,1,1,1,1,1,1,1,1,1,X,,,,,
950,11,5,1,1,1,1,1,1,1,1,1,1,1,1,1,1,1,1,1,1,1,1,1,1,1,X,,,
1000,11,5,1,1,1,1,1,1,1,1,1,1,1,1,1,1,1,1,1,1,1,1,1,1,1,1,X,,
1050,11,5,1,1,1,1,1,1,1,1,1,1,1,1,1,1,1,1,1,1,1,1,1,1,X,,,,
650,11,6,1,1,1,1,1,1,1,X,,,,,,,,,,,,,,,,,,,
720,11,6,1,1,1,1,1,1,1,1,1,1,1,1,1,X,,,,,,,,,,,,,
800,11,6,1,1,1,1,1,1,1,1,1,1,1,1,1,1,1,1,1,X,,,,,,,,,
850,11,6,1,1,1,1,1,1,1,1,1,1,1,1,1,1,1,1,1,1,1,1,X,,,,,,
900,11,6,1,1,1,1,1,1,1,1,1,1,1,1,1,1,1,1,1,1,1,1,1,X,,,,,
950,11,6,1,1,1,1,1,1,1,1,1,1,1,1,1,1,1,1,1,1,1,1,1,1,1,X,,,
1000,11,6,1,1,1,1,1,1,1,1,1,1,1,1,1,1,1,1,1,1,1,1,1,1,1,1,X,,
1050,11,6,1,1,1,1,1,1,1,1,1,1,1,1,1,1,1,1,1,1,1,1,1,1,1,X,,,
650,11,7,1,1,1,1,1,1,1,X,,,,,,,,,,,,,,,,,,,
720,11,7,1,1,1,1,1,1,1,1,1,1,1,1,1,X,,,,,,,,,,,,,
800,11,7,1,1,1,1,1,1,1,1,1,1,1,1,1,1,1,1,1,1,X,,,,,,,,
850,11,7,1,1,1,1,1,1,1,1,1,1,1,1,1,1,1,1,1,1,1,1,X,,,,,,
900,11,7,1,1,1,1,1,1,1,1,1,1,1,1,1,1,1,1,1,1,1,1,1,X,,,,,
950,11,7,1,1,1,1,1,1,1,1,1,1,1,1,1,1,1,1,1,1,1,1,1,1,1,X,,,
1000,11,7,1,1,1,1,1,1,1,1,1,1,1,1,1,1,1,1,1,1,1,1,1,1,1,1,X,,
1050,11,7,1,1,1,1,1,1,1,1,1,1,1,1,1,1,1,1,1,1,1,1,1,1,1,X,,,
650,12,0,1,1,1,1,1,1,1,X,,,,,,,,,,,,,,,,,,,
720,12,0,1,1,1,1,1,1,1,1,1,1,1,1,X,X,,,,,,,,,,,,,
800,12,0,1,1,1,1,1,1,1,1,1,1,1,1,1,1,1,1,1,X,,,,,,,,,
850,12,0,1,1,1,1,1,1,1,1,1,1,1,1,1,1,1,1,1,1,X,,,,,,,,
900,12,0,1,1,1,1,1,1,1,1,1,1,1,1,1,1,1,1,1,1,1,1,X,,,,,,
950,12,0,1,1,1,1,1,1,1,1,1,1,1,1,1,1,1,1,1,1,1,1,1,X,,,,,
1000,12,0,1,1,1,1,1,1,1,1,1,1,1,1,1,1,1,1,1,1,1,1,1,1,1,X,,,
1050,12,0,1,1,1,1,1,1,1,1,1,1,1,1,1,1,1,1,1,1,1,1,1,1,1,X,,,
650,12,1,1,1,1,1,1,1,1,X,,,,,,,,,,,,,,,,,,,
720,12,1,1,1,1,1,1,1,1,1,1,1,1,1,1,X,,,,,,,,,,,,,
800,12,1,1,1,1,1,1,1,1,1,1,1,1,1,1,1,1,1,1,X,,,,,,,,,
850,12,1,1,1,1,1,1,1,1,1,1,1,1,1,1,1,1,1,1,1,1,X,,,,,,,
900,12,1,1,1,1,1,1,1,1,1,1,1,1,1,1,1,1,1,1,1,1,1,1,X,,,,,
950,12,1,1,1,1,1,1,1,1,1,1,1,1,1,1,1,1,1,1,1,1,1,1,1,1,X,,,
1000,12,1,1,1,1,1,1,1,1,1,1,1,1,1,1,1,1,1,1,1,1,1,1,1,1,X,,,
1050,12,1,1,1,1,1,1,1,1,1,1,1,1,1,1,1,1,1,1,1,1,1,1,1,1,X,,,
650,12,2,1,1,1,1,1,1,1,X,,,,,,,,,,,,,,,,,,,
720,12,2,1,1,1,1,1,1,1,1,1,1,1,1,X,X,,,,,,,,,,,,,
800,12,2,1,1,1,1,1,1,1,1,1,1,1,1,1,1,1,1,1,X,,,,,,,,,
850,12,2,1,1,1,1,1,1,1,1,1,1,1,1,1,1,1,1,1,1,1,X,,,,,,,
900,12,2,1,1,1,1,1,1,1,1,1,1,1,1,1,1,1,1,1,1,1,1,1,X,,,,,
950,12,2,1,1,1,1,1,1,1,1,1,1,1,1,1,1,1,1,1,1,1,1,1,1,X,,,,
1000,12,2,1,1,1,1,1,1,1,1,1,1,1,1,1,1,1,1,1,1,1,1,1,1,1,X,,,
1050,12,2,1,1,1,1,1,1,1,1,1,1,1,1,1,1,1,1,1,1,1,1,1,1,1,1,X,,
650,12,3,1,1,1,1,1,1,1,X,,,,,,,,,,,,,,,,,,,
720,12,3,1,1,1,1,1,1,1,1,1,1,1,1,1,X,,,,,,,,,,,,,
800,12,3,1,1,1,1,1,1,1,1,1,1,1,1,1,1,1,1,1,X,,,,,,,,,
850,12,3,1,1,1,1,1,1,1,1,1,1,1,1,1,1,1,1,1,1,1,X,,,,,,,
900,12,3,1,1,1,1,1,1,1,1,1,1,1,1,1,1,1,1,1,1,1,1,1,X,,,,,
950,12,3,1,1,1,1,1,1,1,1,1,1,1,1,1,1,1,1,1,1,1,1,1,1,X,,,,
1000,12,3,1,1,1,1,1,1,1,1,1,1,1,1,1,1,1,1,1,1,1,1,1,1,1,X,,,
1050,12,3,1,1,1,1,1,1,1,1,1,1,1,1,1,1,1,1,1,1,1,1,1,1,1,1,X,,
650,12,4,1,1,1,1,1,1,X,,,,,,,,,,,,,,,,,,,,
720,12,4,1,1,1,1,1,1,1,1,1,1,1,1,X,X,,,,,,,,,,,,,
800,12,4,1,1,1,1,1,1,1,1,1,1,1,1,1,1,1,1,1,X,,,,,,,,,
850,12,4,1,1,1,1,1,1,1,1,1,1,1,1,1,1,1,1,1,1,1,X,,,,,,,
900,12,4,1,1,1,1,1,1,1,1,1,1,1,1,1,1,1,1,1,1,1,1,1,X,,,,,
950,12,4,1,1,1,1,1,1,1,1,1,1,1,1,1,1,1,1,1,1,1,1,1,1,X,,,,
1000,12,4,1,1,1,1,1,1,1,1,1,1,1,1,1,1,1,1,1,1,1,1,1,1,1,X,,,
1050,12,4,1,1,1,1,1,1,1,1,1,1,1,1,1,1,1,1,1,1,1,1,1,1,1,1,X,,
650,12,5,1,1,1,1,1,1,X,,,,,,,,,,,,,,,,,,,,
720,12,5,1,1,1,1,1,1,1,1,1,1,1,1,X,X,,,,,,,,,,,,,
800,12,5,1,1,1,1,1,1,1,1,1,1,1,1,1,1,1,1,1,X,,,,,,,,,
850,12,5,1,1,1,1,1,1,1,1,1,1,1,1,1,1,1,1,1,1,1,X,,,,,,,
900,12,5,1,1,1,1,1,1,1,1,1,1,1,1,1,1,1,1,1,1,1,1,1,X,,,,,
950,12,5,1,1,1,1,1,1,1,1,1,1,1,1,1,1,1,1,1,1,1,1,1,1,X,,,,
1000,12,5,1,1,1,1,1,1,1,1,1,1,1,1,1,1,1,1,1,1,1,1,1,1,1,X,,,
1050,12,5,1,1,1,1,1,1,1,1,1,1,1,1,1,1,1,1,1,1,1,1,1,1,1,1,X,,
650,12,6,1,1,1,1,1,1,1,X,,,,,,,,,,,,,,,,,,,
720,12,6,1,1,1,1,1,1,1,1,1,1,1,1,X,X,,,,,,,,,,,,,
800,12,6,1,1,1,1,1,1,1,1,1,1,1,1,1,1,1,1,1,X,,,,,,,,,
850,12,6,1,1,1,1,1,1,1,1,1,1,1,1,1,1,1,1,1,1,1,X,,,,,,,
900,12,6,1,1,1,1,1,1,1,1,1,1,1,1,1,1,1,1,1,1,1,1,1,X,,,,,
950,12,6,1,1,1,1,1,1,1,1,1,1,1,1,1,1,1,1,1,1,1,1,1,1,X,,,,
1000,12,6,1,1,1,1,1,1,1,1,1,1,1,1,1,1,1,1,1,1,1,1,1,1,1,X,,,
1050,12,6,1,1,1,1,1,1,1,1,1,1,1,1,1,1,1,1,1,1,1,1,1,1,1,1,X,,
650,12,7,1,1,1,1,1,1,1,X,,,,,,,,,,,,,,,,,,,
720,12,7,1,1,1,1,1,1,1,1,1,1,1,1,1,X,,,,,,,,,,,,,
800,12,7,1,1,1,1,1,1,1,1,1,1,1,1,1,1,1,1,1,X,,,,,,,,,
850,12,7,1,1,1,1,1,1,1,1,1,1,1,1,1,1,1,1,1,1,1,X,,,,,,,
900,12,7,1,1,1,1,1,1,1,1,1,1,1,1,1,1,1,1,1,1,1,1,1,X,,,,,
950,12,7,1,1,1,1,1,1,1,1,1,1,1,1,1,1,1,1,1,1,1,1,1,1,X,,,,
1000,12,7,1,1,1,1,1,1,1,1,1,1,1,1,1,1,1,1,1,1,1,1,1,1,1,X,,,
1050,12,7,1,1,1,1,1,1,1,1,1,1,1,1,1,1,1,1,1,1,1,1,1,1,1,1,X,,
650,13,0,1,1,1,1,1,1,1,X,,,,,,,,,,,,,,,,,,,
720,13,0,1,1,1,1,1,1,1,1,1,1,1,1,1,X,,,,,,,,,,,,,
800,13,0,1,1,1,1,1,1,1,1,1,1,1,1,1,1,1,1,1,X,,,,,,,,,
850,13,0,1,1,1,1,1,1,1,1,1,1,1,1,1,1,1,1,1,1,1,1,X,,,,,,
900,13,0,1,1,1,1,1,1,1,1,1,1,1,1,1,1,1,1,1,1,1,1,1,X,,,,,
950,13,0,1,1,1,1,1,1,1,1,1,1,1,1,1,1,1,1,1,1,1,1,1,1,1,X,,,
1000,13,0,1,1,1,1,1,1,1,1,1,1,1,1,1,1,1,1,1,1,1,1,1,1,1,1,X,,
1050,13,0,1,1,1,1,1,1,1,1,1,1,1,1,1,1,1,1,1,1,1,1,1,1,1,1,1,X,
650,13,1,1,1,1,1,1,1,1,X,,,,,,,,,,,,,,,,,,,
720,13,1,1,1,1,1,1,1,1,1,1,1,1,1,1,1,X,,,,,,,,,,,,
800,13,1,1,1,1,1,1,1,1,1,1,1,1,1,1,1,1,1,1,1,X,,,,,,,,
850,13,1,1,1,1,1,1,1,1,1,1,1,1,1,1,1,1,1,1,1,1,1,X,,,,,,
900,13,1,1,1,1,1,1,1,1,1,1,1,1,1,1,1,1,1,1,1,1,1,1,1,X,,,,
950,13,1,1,1,1,1,1,1,1,1,1,1,1,1,1,1,1,1,1,1,1,1,1,1,1,X,,,
1000,13,1,1,1,1,1,1,1,1,1,1,1,1,1,1,1,1,1,1,1,1,1,1,1,1,1,1,,
1050,13,1,1,1,1,1,1,1,1,1,1,1,1,1,1,1,1,1,1,1,1,1,1,1,1,1,1,X,
650,13,2,1,1,1,1,1,1,1,1,X,,,,,,,,,,,,,,,,,,
720,13,2,1,1,1,1,1,1,1,1,1,1,1,1,1,1,X,,,,,,,,,,,,
800,13,2,1,1,1,1,1,1,1,1,1,1,1,1,1,1,1,1,1,1,X,,,,,,,,
850,13,2,1,1,1,1,1,1,1,1,1,1,1,1,1,1,1,1,1,1,1,1,X,,,,,,
900,13,2,1,1,1,1,1,1,1,1,1,1,1,1,1,1,1,1,1,1,1,1,1,X,,,,,
950,13,2,1,1,1,1,1,1,1,1,1,1,1,1,1,1,1,1,1,1,1,1,1,1,1,X,,,
1000,13,2,1,1,1,1,1,1,1,1,1,1,1,1,1,1,1,1,1,1,1,1,1,1,1,1,X,,
1050,13,2,1,1,1,1,1,1,1,1,1,1,1,1,1,1,1,1,1,1,1,1,1,1,1,1,1,1,X
650,13,3,1,1,1,1,1,1,1,X,,,,,,,,,,,,,,,,,,,
720,13,3,1,1,1,1,1,1,1,1,1,1,1,1,1,1,X,,,,,,,,,,,,
800,13,3,1,1,1,1,1,1,1,1,1,1,1,1,1,1,1,1,1,1,X,,,,,,,,
850,13,3,1,1,1,1,1,1,1,1,1,1,1,1,1,1,1,1,1,1,1,1,X,,,,,,
900,13,3,1,1,1,1,1,1,1,1,1,1,1,1,1,1,1,1,1,1,1,1,1,X,,,,,
950,13,3,1,1,1,1,1,1,1,1,1,1,1,1,1,1,1,1,1,1,1,1,1,1,1,X,,,
1000,13,3,1,1,1,1,1,1,1,1,1,1,1,1,1,1,1,1,1,1,1,1,1,1,1,1,X,,
1050,13,3,1,1,1,1,1,1,1,1,1,1,1,1,1,1,1,1,1,1,1,1,1,1,1,1,1,X,
650,13,4,1,1,1,1,1,1,1,1,X,,,,,,,,,,,,,,,,,,
720,13,4,1,1,1,1,1,1,1,1,1,1,1,1,1,1,X,,,,,,,,,,,,
800,13,4,1,1,1,1,1,1,1,1,1,1,1,1,1,1,1,1,1,1,X,,,,,,,,
850,13,4,1,1,1,1,1,1,1,1,1,1,1,1,1,1,1,1,1,1,1,1,X,,,,,,
900,13,4,1,1,1,1,1,1,1,1,1,1,1,1,1,1,1,1,1,1,1,1,1,X,,,,,
950,13,4,1,1,1,1,1,1,1,1,1,1,1,1,1,1,1,1,1,1,1,1,1,1,1,X,,,
1000,13,4,1,1,1,1,1,1,1,1,1,1,1,1,1,1,1,1,1,1,1,1,1,1,1,1,X,,
1050,13,4,1,1,1,1,1,1,1,1,1,1,1,1,1,1,1,1,1,1,1,1,1,1,1,1,1,X,
650,13,5,1,1,1,1,1,1,1,1,X,,,,,,,,,,,,,,,,,,
720,13,5,1,1,1,1,1,1,1,1,1,1,1,1,1,X,,,,,,,,,,,,,
800,13,5,1,1,1,1,1,1,1,1,1,1,1,1,1,1,1,1,1,1,1,X,,,,,,,
850,13,5,1,1,1,1,1,1,1,1,1,1,1,1,1,1,1,1,1,1,1,1,X,,,,,,
900,13,5,1,1,1,1,1,1,1,1,1,1,1,1,1,1,1,1,1,1,1,1,1,1,X,,,,
950,13,5,1,1,1,1,1,1,1,1,1,1,1,1,1,1,1,1,1,1,1,1,1,1,1,X,,,
1000,13,5,1,1,1,1,1,1,1,1,1,1,1,1,1,1,1,1,1,1,1,1,1,1,1,1,X,,
1050,13,5,1,1,1,1,1,1,1,1,1,1,1,1,1,1,1,1,1,1,1,1,1,1,1,1,1,X,
650,13,6,1,1,1,1,1,1,1,X,,,,,,,,,,,,,,,,,,,
720,13,6,1,1,1,1,1,1,1,1,1,1,1,1,1,1,X,,,,,,,,,,,,
800,13,6,1,1,1,1,1,1,1,1,1,1,1,1,1,1,1,1,1,1,1,X,,,,,,,
850,13,6,1,1,1,1,1,1,1,1,1,1,1,1,1,1,1,1,1,1,1,1,X,,,,,,
900,13,6,1,1,1,1,1,1,1,1,1,1,1,1,1,1,1,1,1,1,1,1,1,X,,,,,
950,13,6,1,1,1,1,1,1,1,1,1,1,1,1,1,1,1,1,1,1,1,1,1,1,1,X,,,
1000,13,6,1,1,1,1,1,1,1,1,1,1,1,1,1,1,1,1,1,1,1,1,1,1,1,1,X,,
1050,13,6,1,1,1,1,1,1,1,1,1,1,1,1,1,1,1,1,1,1,1,1,1,1,1,1,1,X,
650,13,7,1,1,1,1,1,1,X,,,,,,,,,,,,,,,,,,,,
720,13,7,1,1,1,1,1,1,1,1,1,1,1,1,1,X,,,,,,,,,,,,,
800,13,7,1,1,1,1,1,1,1,1,1,1,1,1,1,1,1,1,1,1,1,X,,,,,,,
850,13,7,1,1,1,1,1,1,1,1,1,1,1,1,1,1,1,1,1,1,1,1,X,,,,,,
900,13,7,1,1,1,1,1,1,1,1,1,1,1,1,1,1,1,1,1,1,1,1,1,1,X,,,,
950,13,7,1,1,1,1,1,1,1,1,1,1,1,1,1,1,1,1,1,1,1,1,1,1,1,X,,,
1000,13,7,1,1,1,1,1,1,1,1,1,1,1,1,1,1,1,1,1,1,1,1,1,1,1,1,X,,
1050,13,7,1,1,1,1,1,1,1,1,1,1,1,1,1,1,1,1,1,1,1,1,1,1,1,1,1,X,
